<?xml version='1.0' encoding='UTF-8'?>
<!DOCTYPE hibernate-configuration PUBLIC
          "-//Hibernate/Hibernate Configuration DTD 3.0//EN"
          "http://hibernate.sourceforge.net/hibernate-configuration-3.0.dtd">

<!-- Generated by MyEclipse Hibernate Tools.                   -->
<hibernate-configuration>

<session-factory>
	<property name="dialect">
		org.hibernate.dialect.SQLServerDialect
	</property>
	<property name="connection.url">
		jdbc:sqlserver://127.0.0.1:1433;databaseName=Likexam
	</property>
	<property name="connection.username">sa</property>
	<property name="connection.password">123</property>
	<property name="connection.driver_class">
		com.microsoft.jdbc.sqlserver.SQLServerDriver
	</property>
	<property name="myeclipse.connection.profile">SqlServer</property>
	<property name="show_sql">true</property>
	<mapping resource="com/qhit/bean/Classs.hbm.xml" />
	<mapping resource="com/qhit/bean/Direction.hbm.xml" />
	<mapping resource="com/qhit/bean/Paper.hbm.xml" />
	<mapping resource="com/qhit/bean/PaperEq.hbm.xml" />
	<mapping resource="com/qhit/bean/Score.hbm.xml" />
	<mapping resource="com/qhit/bean/Stage.hbm.xml" />
	<mapping resource="com/qhit/bean/StuPaperEq.hbm.xml" />
	<mapping resource="com/qhit/bean/Subject.hbm.xml" />
	<mapping resource="com/qhit/bean/Users.hbm.xml" />
	<mapping resource="com/qhit/bean/Student.hbm.xml" />
	<mapping resource="com/qhit/bean/ExamQuestion.hbm.xml" />

</session-factory>

</hibernate-configuration>