<?xml version="1.0" encoding="utf-8"?>
<!DOCTYPE hibernate-mapping PUBLIC "-//Hibernate/Hibernate Mapping DTD 3.0//EN"
"http://hibernate.sourceforge.net/hibernate-mapping-3.0.dtd">
<!-- 
    Mapping file autogenerated by MyEclipse Persistence Tools
-->
<hibernate-mapping>
    <class name="com.qhit.bean.PaperEq" table="Paper_EQ" schema="dbo" catalog="Likexam">
        <id name="peid" type="java.lang.Integer">
            <column name="peid" />
            <generator class="assigned" />
        </id>
        <many-to-one name="paper" class="com.qhit.bean.Paper" fetch="select">
            <column name="pid" />
        </many-to-one>
        <many-to-one name="examQuestion" class="com.qhit.bean.ExamQuestion" fetch="select">
            <column name="eid" />
        </many-to-one>
    </class>
</hibernate-mapping>
