<?xml version="1.0" encoding="utf-8"?>
<!DOCTYPE hibernate-mapping PUBLIC "-//Hibernate/Hibernate Mapping DTD 3.0//EN"
"http://hibernate.sourceforge.net/hibernate-mapping-3.0.dtd">
<!-- 
    Mapping file autogenerated by MyEclipse Persistence Tools
-->
<hibernate-mapping>
    <class name="com.qhit.bean.StuPaperEq" table="Stu_Paper_EQ" schema="dbo" catalog="Likexam">
        <id name="speid" type="java.lang.Integer">
            <column name="speid" />
            <generator class="assigned" />
        </id>
        <many-to-one name="student" class="com.qhit.bean.Student" fetch="select">
            <column name="sid" not-null="true" />
        </many-to-one>
        <many-to-one name="paper" class="com.qhit.bean.Paper" fetch="select">
            <column name="pid" />
        </many-to-one>
        <many-to-one name="examQuestion" class="com.qhit.bean.ExamQuestion" fetch="select">
            <column name="eid" />
        </many-to-one>
        <property name="stuanswer" type="java.lang.String">
            <column name="stuanswer" length="10" />
        </property>
    </class>
</hibernate-mapping>
